
{
  "name":"鼎源宝A15004", 
  "capital":100000, 
  "profit":8.00%, 
  "timeLimit":"1月", 
  "process":"投标完成100%",
  "startTime":"", 
  "tenderStatus":"募集完毕",
  "repaymentMode":"到期还本付息",
  "security":"", 
  "detail":"", 
  "usage":"", 
  "paymentSource":"", 
  "operateStatus":"", 
  "riskControl":"", 
  "pawn":"", 
  "pawnInfo":"", 
  "tenderRecord":"[u'<table cellspacing="0" cellpadding="0" class="ord_tab" id="table">\n\t\t\t<tr class="bge"><td>\u51fa\u501f\u4eba</td><td>\u6295\u6807\u91d1\u989d</td><td>\u6295\u6807\u65e5\u671f</td></tr>\n\t\t\t\n\t\t \t\t<tr><td>121310**********</td><td><strong class="fwt">20,000</strong>\u5143</td><td>2015-02-06</td></tr>\n\t\t \t\n\t\t \t\t<tr><td>1196495**********</td><td><strong class="fwt">5,000</strong>\u5143</td><td>2015-02-06</td></tr>\n\t\t \t\n\t\t \t\t<tr><td>1196495**********</td><td><strong class="fwt">15,000</strong>\u5143</td><td>2015-02-06</td></tr>\n\t\t \t\n\t\t \t\t<tr><td>429076**********</td><td><strong class="fwt">20,000</strong>\u5143</td><td>2015-02-10</td></tr>\n\t\t \t\n\t\t \t\t<tr><td>159****7194</td><td><strong class="fwt">7,000</strong>\u5143</td><td>2015-02-10</td></tr>\n\t\t \t\n\t\t \t\t<tr><td>180****7326</td><td><strong class="fwt">20,000</strong>\u5143</td><td>2015-02-10</td></tr>\n\t\t \t\n\t\t \t\t<tr><td>745411**********</td><td><strong class="fwt">4,700</strong>\u5143</td><td>2015-02-10</td></tr>\n\t\t \t\n\t\t \t\t<tr><td>180****7326</td><td><strong class="fwt">5,000</strong>\u5143</td><td>2015-02-10</td></tr>\n\t\t \t\n\t\t \t\t<tr><td>186****0312</td><td><strong class="fwt">3,300</strong>\u5143</td><td>2015-02-10</td></tr>\n\t\t \t\n\t\t</table>']", 
  "tenderId":"58451", 
  "tenderUrl":"http://www.dy58.com/bid/showbidinfo.do?bidid=45&bizid=1" 
}
