
{
  "name":"鼎源宝B15003", 
  "capital":200000, 
  "profit":10.00%, 
  "timeLimit":"6月", 
  "process":"投标完成100%",
  "startTime":"", 
  "tenderStatus":"募集完毕",
  "repaymentMode":"到期还本付息",
  "security":"", 
  "detail":"", 
  "usage":"", 
  "paymentSource":"", 
  "operateStatus":"", 
  "riskControl":"", 
  "pawn":"", 
  "pawnInfo":"", 
  "tenderRecord":"[u'<table cellspacing="0" cellpadding="0" class="ord_tab" id="table">\n\t\t\t<tr class="bge"><td>\u51fa\u501f\u4eba</td><td>\u6295\u6807\u91d1\u989d</td><td>\u6295\u6807\u65e5\u671f</td></tr>\n\t\t\t\n\t\t \t\t<tr><td>180****7326</td><td><strong class="fwt">100,000</strong>\u5143</td><td>2015-03-23</td></tr>\n\t\t \t\n\t\t \t\t<tr><td>1922707**********</td><td><strong class="fwt">2,000</strong>\u5143</td><td>2015-03-24</td></tr>\n\t\t \t\n\t\t \t\t<tr><td>180****7326</td><td><strong class="fwt">5,000</strong>\u5143</td><td>2015-03-25</td></tr>\n\t\t \t\n\t\t \t\t<tr><td>835996**********</td><td><strong class="fwt">3,000</strong>\u5143</td><td>2015-03-25</td></tr>\n\t\t \t\n\t\t \t\t<tr><td>180****7326</td><td><strong class="fwt">50,000</strong>\u5143</td><td>2015-03-26</td></tr>\n\t\t \t\n\t\t \t\t<tr><td>180****7326</td><td><strong class="fwt">40,000</strong>\u5143</td><td>2015-04-02</td></tr>\n\t\t \t\n\t\t</table>']", 
  "tenderId":"58551", 
  "tenderUrl":"http://www.dy58.com/bid/showbidinfo.do?bidid=55&bizid=1" 
}
