
{
  "name":"鼎源宝A15006", 
  "capital":100000, 
  "profit":8.00%, 
  "timeLimit":"1月", 
  "process":"投标完成100%",
  "startTime":"", 
  "tenderStatus":"募集完毕",
  "repaymentMode":"按月等额本息",
  "security":"", 
  "detail":"", 
  "usage":"", 
  "paymentSource":"", 
  "operateStatus":"", 
  "riskControl":"", 
  "pawn":"", 
  "pawnInfo":"", 
  "tenderRecord":"[u'<table cellspacing="0" cellpadding="0" class="ord_tab" id="table">\n\t\t\t<tr class="bge"><td>\u51fa\u501f\u4eba</td><td>\u6295\u6807\u91d1\u989d</td><td>\u6295\u6807\u65e5\u671f</td></tr>\n\t\t\t\n\t\t \t\t<tr><td>180****7326</td><td><strong class="fwt">10,000</strong>\u5143</td><td>2015-04-02</td></tr>\n\t\t \t\n\t\t \t\t<tr><td>745411**********</td><td><strong class="fwt">10,000</strong>\u5143</td><td>2015-04-08</td></tr>\n\t\t \t\n\t\t \t\t<tr><td>180****7326</td><td><strong class="fwt">80,000</strong>\u5143</td><td>2015-04-13</td></tr>\n\t\t \t\n\t\t</table>']", 
  "tenderId":"58651", 
  "tenderUrl":"http://www.dy58.com/bid/showbidinfo.do?bidid=65&bizid=1" 
}
