
{
  "name":"鼎源体验标TY2015004期", 
  "capital":30000, 
  "profit":8.00%, 
  "timeLimit":"1月", 
  "process":"投标完成100%",
  "startTime":"", 
  "tenderStatus":"募集完毕",
  "repaymentMode":"到期还本付息",
  "security":"", 
  "detail":"", 
  "usage":"", 
  "paymentSource":"", 
  "operateStatus":"", 
  "riskControl":"", 
  "pawn":"", 
  "pawnInfo":"", 
  "tenderRecord":"[u'<table cellspacing="0" cellpadding="0" class="ord_tab" id="table">\n\t\t\t<tr class="bge"><td>\u51fa\u501f\u4eba</td><td>\u6295\u6807\u91d1\u989d</td><td>\u6295\u6807\u65e5\u671f</td></tr>\n\t\t\t\n\t\t \t\t<tr><td>745411**********</td><td><strong class="fwt">1,000</strong>\u5143</td><td>2015-05-19</td></tr>\n\t\t \t\n\t\t \t\t<tr><td>180****7326</td><td><strong class="fwt">1,000</strong>\u5143</td><td>2015-05-19</td></tr>\n\t\t \t\n\t\t \t\t<tr><td>121310**********</td><td><strong class="fwt">5,000</strong>\u5143</td><td>2015-05-25</td></tr>\n\t\t \t\n\t\t \t\t<tr><td>835996**********</td><td><strong class="fwt">12,540</strong>\u5143</td><td>2015-05-29</td></tr>\n\t\t \t\n\t\t \t\t<tr><td>180****7326</td><td><strong class="fwt">5,000</strong>\u5143</td><td>2015-06-01</td></tr>\n\t\t \t\n\t\t \t\t<tr><td>121310**********</td><td><strong class="fwt">5,460</strong>\u5143</td><td>2015-06-01</td></tr>\n\t\t \t\n\t\t</table>']", 
  "tenderId":"58861", 
  "tenderUrl":"http://www.dy58.com/bid/showbidinfo.do?bidid=86&bizid=1" 
}
