
{
  "name":"鼎源体验标TY2015005期", 
  "capital":30000, 
  "profit":8.00%, 
  "timeLimit":"1月", 
  "process":"投标完成100%",
  "startTime":"", 
  "tenderStatus":"募集完毕",
  "repaymentMode":"到期还本付息",
  "security":"", 
  "detail":"", 
  "usage":"", 
  "paymentSource":"", 
  "operateStatus":"", 
  "riskControl":"", 
  "pawn":"", 
  "pawnInfo":"", 
  "tenderRecord":"[u'<table cellspacing="0" cellpadding="0" class="ord_tab" id="table">\n\t\t\t<tr class="bge"><td>\u51fa\u501f\u4eba</td><td>\u6295\u6807\u91d1\u989d</td><td>\u6295\u6807\u65e5\u671f</td></tr>\n\t\t\t\n\t\t \t\t<tr><td>1922707**********</td><td><strong class="fwt">1,000</strong>\u5143</td><td>2015-05-19</td></tr>\n\t\t \t\n\t\t \t\t<tr><td>152****7998</td><td><strong class="fwt">1,000</strong>\u5143</td><td>2015-05-19</td></tr>\n\t\t \t\n\t\t \t\t<tr><td>835996**********</td><td><strong class="fwt">1,000</strong>\u5143</td><td>2015-05-19</td></tr>\n\t\t \t\n\t\t \t\t<tr><td>271937**********</td><td><strong class="fwt">10,000</strong>\u5143</td><td>2015-05-19</td></tr>\n\t\t \t\n\t\t \t\t<tr><td>159****7194</td><td><strong class="fwt">1,000</strong>\u5143</td><td>2015-05-19</td></tr>\n\t\t \t\n\t\t \t\t<tr><td>745411**********</td><td><strong class="fwt">1,000</strong>\u5143</td><td>2015-05-19</td></tr>\n\t\t \t\n\t\t \t\t<tr><td>1922707**********</td><td><strong class="fwt">1,000</strong>\u5143</td><td>2015-05-29</td></tr>\n\t\t \t\n\t\t \t\t<tr><td>152****7998</td><td><strong class="fwt">4,000</strong>\u5143</td><td>2015-05-29</td></tr>\n\t\t \t\n\t\t \t\t<tr><td>835996**********</td><td><strong class="fwt">4,000</strong>\u5143</td><td>2015-05-29</td></tr>\n\t\t \t\n\t\t \t\t<tr><td>180****7326</td><td><strong class="fwt">6,000</strong>\u5143</td><td>2015-06-01</td></tr>\n\t\t \t\n\t\t</table>']", 
  "tenderId":"58871", 
  "tenderUrl":"http://www.dy58.com/bid/showbidinfo.do?bidid=87&bizid=1" 
}
