
{
  "name":"鼎源体验标TY2015007期", 
  "capital":30000, 
  "profit":8.00%, 
  "timeLimit":"1月", 
  "process":"投标完成0%",
  "startTime":"", 
  "tenderStatus":"正在募集",
  "repaymentMode":"到期还本付息",
  "security":"", 
  "detail":"", 
  "usage":"", 
  "paymentSource":"", 
  "operateStatus":"", 
  "riskControl":"", 
  "pawn":"", 
  "pawnInfo":"", 
  "tenderRecord":"[u'<table cellspacing="0" cellpadding="0" class="ord_tab" id="table">\n\t\t\t<tr class="bge"><td>\u51fa\u501f\u4eba</td><td>\u6295\u6807\u91d1\u989d</td><td>\u6295\u6807\u65e5\u671f</td></tr>\n\t\t\t\n\t\t</table>']", 
  "tenderId":"58891", 
  "tenderUrl":"http://www.dy58.com/bid/showbidinfo.do?bidid=89&bizid=1" 
}
